,data3,data2,hour,PM2.5,newi
2,Wednsday,1-1-2014,1,43,1
4,Wednsday,1-1-2014,3,82,1
6,Wednsday,1-1-2014,5,89,1
8,Wednsday,1-1-2014,7,31,1
10,Wednsday,1-1-2014,9,38,1
12,Wednsday,1-1-2014,11,25,1
14,Wednsday,1-1-2014,13,22,1
16,Wednsday,1-1-2014,15,19,1
18,Wednsday,1-1-2014,17,21,1
20,Wednsday,1-1-2014,19,52,1
22,Wednsday,1-1-2014,21,86,1
170,Wednsday,1-8-2014,1,8,2
172,Wednsday,1-8-2014,3,9,2
174,Wednsday,1-8-2014,5,11,2
176,Wednsday,1-8-2014,7,12,2
178,Wednsday,1-8-2014,9,12,2
180,Wednsday,1-8-2014,11,17,2
182,Wednsday,1-8-2014,13,18,2
184,Wednsday,1-8-2014,15,14,2
186,Wednsday,1-8-2014,17,16,2
188,Wednsday,1-8-2014,19,16,2
190,Wednsday,1-8-2014,21,18,2
192,Wednsday,1-8-2014,23,57,2
338,Wednsday,1-15-2014,1,139,3
340,Wednsday,1-15-2014,3,176,3
342,Wednsday,1-15-2014,5,72,3
344,Wednsday,1-15-2014,7,50,3
346,Wednsday,1-15-2014,9,41,3
348,Wednsday,1-15-2014,11,49,3
350,Wednsday,1-15-2014,13,44,3
352,Wednsday,1-15-2014,15,47,3
354,Wednsday,1-15-2014,17,60,3
356,Wednsday,1-15-2014,19,357,3
358,Wednsday,1-15-2014,21,463,3
360,Wednsday,1-15-2014,23,494,3
506,Wednsday,1-22-2014,1,141,4
508,Wednsday,1-22-2014,3,140,4
510,Wednsday,1-22-2014,5,114,4
512,Wednsday,1-22-2014,7,75,4
514,Wednsday,1-22-2014,9,65,4
516,Wednsday,1-22-2014,11,73,4
518,Wednsday,1-22-2014,13,96,4
520,Wednsday,1-22-2014,15,113,4
522,Wednsday,1-22-2014,17,117,4
524,Wednsday,1-22-2014,19,164,4
526,Wednsday,1-22-2014,21,179,4
528,Wednsday,1-22-2014,23,172,4
674,Wednsday,1-29-2014,1,59,5
676,Wednsday,1-29-2014,3,57,5
678,Wednsday,1-29-2014,5,67,5
680,Wednsday,1-29-2014,7,70,5
682,Wednsday,1-29-2014,9,83,5
684,Wednsday,1-29-2014,11,92,5
686,Wednsday,1-29-2014,13,125,5
688,Wednsday,1-29-2014,15,155,5
690,Wednsday,1-29-2014,17,171,5
692,Wednsday,1-29-2014,19,177,5
694,Wednsday,1-29-2014,21,189,5
696,Wednsday,1-29-2014,23,209,5
842,Wednsday,2-5-2014,1,63,6
844,Wednsday,2-5-2014,3,85,6
846,Wednsday,2-5-2014,5,142,6
848,Wednsday,2-5-2014,7,92,6
850,Wednsday,2-5-2014,9,59,6
852,Wednsday,2-5-2014,11,76,6
854,Wednsday,2-5-2014,13,77,6
856,Wednsday,2-5-2014,15,94,6
858,Wednsday,2-5-2014,17,87,6
860,Wednsday,2-5-2014,19,86,6
862,Wednsday,2-5-2014,21,78,6
864,Wednsday,2-5-2014,23,108,6
1010,Wednsday,2-12-2014,1,194,7
1012,Wednsday,2-12-2014,3,168,7
1014,Wednsday,2-12-2014,5,163,7
1016,Wednsday,2-12-2014,7,153,7
1018,Wednsday,2-12-2014,9,77,7
1020,Wednsday,2-12-2014,11,56,7
1022,Wednsday,2-12-2014,13,25,7
1024,Wednsday,2-12-2014,15,45,7
1026,Wednsday,2-12-2014,17,94,7
1028,Wednsday,2-12-2014,19,160,7
1030,Wednsday,2-12-2014,21,151,7
1032,Wednsday,2-12-2014,23,121,7
1178,Wednsday,2-19-2014,1,131,8
1180,Wednsday,2-19-2014,3,100,8
1182,Wednsday,2-19-2014,5,86,8
1184,Wednsday,2-19-2014,7,96,8
1186,Wednsday,2-19-2014,9,39,8
1188,Wednsday,2-19-2014,11,17,8
1190,Wednsday,2-19-2014,13,14,8
1192,Wednsday,2-19-2014,15,16,8
1194,Wednsday,2-19-2014,17,13,8
1196,Wednsday,2-19-2014,19,32,8
1198,Wednsday,2-19-2014,21,102,8
1200,Wednsday,2-19-2014,23,142,8
1354,Wednsday,2-26-2014,9,445,9
1356,Wednsday,2-26-2014,11,461,9
1358,Wednsday,2-26-2014,13,518,9
1362,Wednsday,2-26-2014,17,427,9
1364,Wednsday,2-26-2014,19,107,9
1366,Wednsday,2-26-2014,21,55,9
1514,Wednsday,3-5-2014,1,8,10
1516,Wednsday,3-5-2014,3,3,10
1518,Wednsday,3-5-2014,5,3,10
1520,Wednsday,3-5-2014,7,16,10
1522,Wednsday,3-5-2014,9,4,10
1524,Wednsday,3-5-2014,11,21,10
1526,Wednsday,3-5-2014,13,23,10
1528,Wednsday,3-5-2014,15,27,10
1530,Wednsday,3-5-2014,17,31,10
1532,Wednsday,3-5-2014,19,40,10
1534,Wednsday,3-5-2014,21,42,10
1536,Wednsday,3-5-2014,23,12,10
1682,Wednsday,3-12-2014,1,3,11
1684,Wednsday,3-12-2014,3,8,11
1686,Wednsday,3-12-2014,5,3,11
1688,Wednsday,3-12-2014,7,7,11
1690,Wednsday,3-12-2014,9,10,11
1692,Wednsday,3-12-2014,11,3,11
1694,Wednsday,3-12-2014,13,3,11
1696,Wednsday,3-12-2014,15,5,11
1698,Wednsday,3-12-2014,17,12,11
1700,Wednsday,3-12-2014,19,16,11
1702,Wednsday,3-12-2014,21,20,11
1704,Wednsday,3-12-2014,23,52,11
1850,Wednsday,3-19-2014,1,37,12
1852,Wednsday,3-19-2014,3,50,12
1854,Wednsday,3-19-2014,5,66,12
1856,Wednsday,3-19-2014,7,63,12
1858,Wednsday,3-19-2014,9,83,12
1860,Wednsday,3-19-2014,11,77,12
1862,Wednsday,3-19-2014,13,72,12
1864,Wednsday,3-19-2014,15,69,12
1866,Wednsday,3-19-2014,17,49,12
1868,Wednsday,3-19-2014,19,40,12
1870,Wednsday,3-19-2014,21,14,12
1872,Wednsday,3-19-2014,23,17,12
2018,Wednsday,3-26-2014,1,182,13
2020,Wednsday,3-26-2014,3,248,13
2022,Wednsday,3-26-2014,5,250,13
2024,Wednsday,3-26-2014,7,258,13
2026,Wednsday,3-26-2014,9,284,13
2028,Wednsday,3-26-2014,11,322,13
2030,Wednsday,3-26-2014,13,318,13
2032,Wednsday,3-26-2014,15,322,13
2034,Wednsday,3-26-2014,17,272,13
2036,Wednsday,3-26-2014,19,325,13
2038,Wednsday,3-26-2014,21,374,13
2040,Wednsday,3-26-2014,23,370,13
2186,Wednsday,4-2-2014,1,102,14
2188,Wednsday,4-2-2014,3,109,14
2190,Wednsday,4-2-2014,5,115,14
2192,Wednsday,4-2-2014,7,126,14
2194,Wednsday,4-2-2014,9,156,14
2196,Wednsday,4-2-2014,11,74,14
2198,Wednsday,4-2-2014,13,67,14
2200,Wednsday,4-2-2014,15,78,14
2202,Wednsday,4-2-2014,17,132,14
2204,Wednsday,4-2-2014,19,130,14
2206,Wednsday,4-2-2014,21,101,14
2208,Wednsday,4-2-2014,23,64,14
2354,Wednsday,4-9-2014,1,148,15
2356,Wednsday,4-9-2014,3,149,15
2358,Wednsday,4-9-2014,5,154,15
2360,Wednsday,4-9-2014,7,182,15
2362,Wednsday,4-9-2014,9,179,15
2364,Wednsday,4-9-2014,11,169,15
2366,Wednsday,4-9-2014,13,97,15
2368,Wednsday,4-9-2014,15,51,15
2370,Wednsday,4-9-2014,17,70,15
2372,Wednsday,4-9-2014,19,89,15
2374,Wednsday,4-9-2014,21,112,15
2376,Wednsday,4-9-2014,23,116,15
2522,Wednsday,4-16-2014,1,37,16
2524,Wednsday,4-16-2014,3,43,16
2526,Wednsday,4-16-2014,5,52,16
2528,Wednsday,4-16-2014,7,60,16
2530,Wednsday,4-16-2014,9,86,16
2532,Wednsday,4-16-2014,11,60,16
2534,Wednsday,4-16-2014,13,70,16
2536,Wednsday,4-16-2014,15,62,16
2538,Wednsday,4-16-2014,17,57,16
2540,Wednsday,4-16-2014,19,65,16
2542,Wednsday,4-16-2014,21,73,16
2544,Wednsday,4-16-2014,23,81,16
2690,Wednsday,4-23-2014,1,83,17
2692,Wednsday,4-23-2014,3,94,17
2694,Wednsday,4-23-2014,5,106,17
2696,Wednsday,4-23-2014,7,123,17
2698,Wednsday,4-23-2014,9,154,17
2700,Wednsday,4-23-2014,11,193,17
2702,Wednsday,4-23-2014,13,198,17
2704,Wednsday,4-23-2014,15,177,17
2706,Wednsday,4-23-2014,17,164,17
2708,Wednsday,4-23-2014,19,141,17
2710,Wednsday,4-23-2014,21,116,17
2712,Wednsday,4-23-2014,23,72,17
2864,Wednsday,4-30-2014,7,116,18
2866,Wednsday,4-30-2014,9,161,18
2868,Wednsday,4-30-2014,11,184,18
2870,Wednsday,4-30-2014,13,152,18
2872,Wednsday,4-30-2014,15,143,18
2874,Wednsday,4-30-2014,17,110,18
2876,Wednsday,4-30-2014,19,114,18
2878,Wednsday,4-30-2014,21,89,18
2880,Wednsday,4-30-2014,23,88,18
3026,Wednsday,5-7-2014,1,130,19
3028,Wednsday,5-7-2014,3,132,19
3030,Wednsday,5-7-2014,5,136,19
3032,Wednsday,5-7-2014,7,122,19
3034,Wednsday,5-7-2014,9,56,19
3036,Wednsday,5-7-2014,11,23,19
3038,Wednsday,5-7-2014,13,26,19
3040,Wednsday,5-7-2014,15,19,19
3042,Wednsday,5-7-2014,17,14,19
3044,Wednsday,5-7-2014,19,46,19
3046,Wednsday,5-7-2014,21,51,19
3048,Wednsday,5-7-2014,23,33,19
3194,Wednsday,5-14-2014,1,34,20
3196,Wednsday,5-14-2014,3,25,20
3198,Wednsday,5-14-2014,5,21,20
3200,Wednsday,5-14-2014,7,16,20
3202,Wednsday,5-14-2014,9,12,20
3204,Wednsday,5-14-2014,11,91,20
3206,Wednsday,5-14-2014,13,11,20
3208,Wednsday,5-14-2014,15,11,20
3210,Wednsday,5-14-2014,17,10,20
3212,Wednsday,5-14-2014,19,22,20
3214,Wednsday,5-14-2014,21,27,20
3216,Wednsday,5-14-2014,23,27,20
3368,Wednsday,5-21-2014,7,78,21
3370,Wednsday,5-21-2014,9,89,21
3372,Wednsday,5-21-2014,11,101,21
3374,Wednsday,5-21-2014,13,106,21
3376,Wednsday,5-21-2014,15,126,21
3378,Wednsday,5-21-2014,17,125,21
3380,Wednsday,5-21-2014,19,137,21
3382,Wednsday,5-21-2014,21,154,21
3384,Wednsday,5-21-2014,23,174,21
3530,Wednsday,5-28-2014,1,22,22
3532,Wednsday,5-28-2014,3,43,22
3534,Wednsday,5-28-2014,5,39,22
3536,Wednsday,5-28-2014,7,40,22
3538,Wednsday,5-28-2014,9,52,22
3540,Wednsday,5-28-2014,11,20,22
3542,Wednsday,5-28-2014,13,23,22
3544,Wednsday,5-28-2014,15,32,22
3546,Wednsday,5-28-2014,17,44,22
3548,Wednsday,5-28-2014,19,30,22
3550,Wednsday,5-28-2014,21,34,22
3552,Wednsday,5-28-2014,23,43,22
3698,Wednsday,6-4-2014,1,50,23
3700,Wednsday,6-4-2014,3,53,23
3702,Wednsday,6-4-2014,5,70,23
3704,Wednsday,6-4-2014,7,83,23
3706,Wednsday,6-4-2014,9,96,23
3708,Wednsday,6-4-2014,11,61,23
3710,Wednsday,6-4-2014,13,42,23
3712,Wednsday,6-4-2014,15,53,23
3714,Wednsday,6-4-2014,17,46,23
3716,Wednsday,6-4-2014,19,50,23
3718,Wednsday,6-4-2014,21,46,23
3720,Wednsday,6-4-2014,23,48,23
3866,Wednsday,6-11-2014,1,92,24
3868,Wednsday,6-11-2014,3,102,24
3870,Wednsday,6-11-2014,5,72,24
3872,Wednsday,6-11-2014,7,38,24
3874,Wednsday,6-11-2014,9,91,24
3876,Wednsday,6-11-2014,11,17,24
3878,Wednsday,6-11-2014,13,17,24
3880,Wednsday,6-11-2014,15,16,24
3882,Wednsday,6-11-2014,17,17,24
3884,Wednsday,6-11-2014,19,19,24
3886,Wednsday,6-11-2014,21,31,24
3888,Wednsday,6-11-2014,23,40,24
4034,Wednsday,6-18-2014,1,67,25
4036,Wednsday,6-18-2014,3,58,25
4038,Wednsday,6-18-2014,5,72,25
4040,Wednsday,6-18-2014,7,64,25
4042,Wednsday,6-18-2014,9,43,25
4044,Wednsday,6-18-2014,11,37,25
4046,Wednsday,6-18-2014,13,28,25
4048,Wednsday,6-18-2014,15,49,25
4052,Wednsday,6-18-2014,19,73,25
4054,Wednsday,6-18-2014,21,94,25
4056,Wednsday,6-18-2014,23,123,25
4202,Wednsday,6-25-2014,1,59,26
4204,Wednsday,6-25-2014,3,78,26
4206,Wednsday,6-25-2014,5,75,26
4208,Wednsday,6-25-2014,7,92,26
4210,Wednsday,6-25-2014,9,109,26
4212,Wednsday,6-25-2014,11,114,26
4214,Wednsday,6-25-2014,13,104,26
4216,Wednsday,6-25-2014,15,114,26
4218,Wednsday,6-25-2014,17,112,26
4220,Wednsday,6-25-2014,19,112,26
4222,Wednsday,6-25-2014,21,125,26
4224,Wednsday,6-25-2014,23,136,26
4370,Wednsday,7-2-2014,1,28,27
4372,Wednsday,7-2-2014,3,42,27
4374,Wednsday,7-2-2014,5,49,27
4376,Wednsday,7-2-2014,7,42,27
4378,Wednsday,7-2-2014,9,39,27
4380,Wednsday,7-2-2014,11,42,27
4382,Wednsday,7-2-2014,13,56,27
4384,Wednsday,7-2-2014,15,70,27
4386,Wednsday,7-2-2014,17,86,27
4388,Wednsday,7-2-2014,19,89,27
4390,Wednsday,7-2-2014,21,118,27
4392,Wednsday,7-2-2014,23,109,27
4538,Wednsday,7-9-2014,1,55,28
4540,Wednsday,7-9-2014,3,27,28
4542,Wednsday,7-9-2014,5,25,28
4544,Wednsday,7-9-2014,7,15,28
4546,Wednsday,7-9-2014,9,33,28
4548,Wednsday,7-9-2014,11,21,28
4550,Wednsday,7-9-2014,13,14,28
4552,Wednsday,7-9-2014,15,13,28
4554,Wednsday,7-9-2014,17,11,28
4556,Wednsday,7-9-2014,19,37,28
4558,Wednsday,7-9-2014,21,46,28
4560,Wednsday,7-9-2014,23,60,28
4706,Wednsday,7-16-2014,1,100,29
4708,Wednsday,7-16-2014,3,82,29
4710,Wednsday,7-16-2014,5,71,29
4712,Wednsday,7-16-2014,7,67,29
4714,Wednsday,7-16-2014,9,143,29
4716,Wednsday,7-16-2014,11,165,29
4718,Wednsday,7-16-2014,13,181,29
4720,Wednsday,7-16-2014,15,185,29
4722,Wednsday,7-16-2014,17,155,29
4724,Wednsday,7-16-2014,19,77,29
4726,Wednsday,7-16-2014,21,65,29
4728,Wednsday,7-16-2014,23,39,29
4874,Wednsday,7-23-2014,1,21,30
4876,Wednsday,7-23-2014,3,25,30
4878,Wednsday,7-23-2014,5,18,30
4880,Wednsday,7-23-2014,7,23,30
4882,Wednsday,7-23-2014,9,20,30
4884,Wednsday,7-23-2014,11,21,30
4886,Wednsday,7-23-2014,13,21,30
4888,Wednsday,7-23-2014,15,26,30
4890,Wednsday,7-23-2014,17,26,30
4892,Wednsday,7-23-2014,19,30,30
4894,Wednsday,7-23-2014,21,59,30
4896,Wednsday,7-23-2014,23,49,30
5042,Wednsday,7-30-2014,1,61,31
5044,Wednsday,7-30-2014,3,38,31
5046,Wednsday,7-30-2014,5,97,31
5048,Wednsday,7-30-2014,7,114,31
5050,Wednsday,7-30-2014,9,141,31
5052,Wednsday,7-30-2014,11,137,31
5054,Wednsday,7-30-2014,13,153,31
5056,Wednsday,7-30-2014,15,154,31
5058,Wednsday,7-30-2014,17,143,31
5060,Wednsday,7-30-2014,19,168,31
5062,Wednsday,7-30-2014,21,199,31
5064,Wednsday,7-30-2014,23,216,31
5210,Wednsday,8-6-2014,1,41,32
5212,Wednsday,8-6-2014,3,57,32
5214,Wednsday,8-6-2014,5,71,32
5216,Wednsday,8-6-2014,7,77,32
5218,Wednsday,8-6-2014,9,49,32
5220,Wednsday,8-6-2014,11,27,32
5222,Wednsday,8-6-2014,13,14,32
5224,Wednsday,8-6-2014,15,3,32
5226,Wednsday,8-6-2014,17,6,32
5228,Wednsday,8-6-2014,19,18,32
5230,Wednsday,8-6-2014,21,30,32
5232,Wednsday,8-6-2014,23,60,32
5378,Wednsday,8-13-2014,1,24,33
5380,Wednsday,8-13-2014,3,27,33
5382,Wednsday,8-13-2014,5,27,33
5384,Wednsday,8-13-2014,7,36,33
5386,Wednsday,8-13-2014,9,38,33
5388,Wednsday,8-13-2014,11,47,33
5390,Wednsday,8-13-2014,13,29,33
5392,Wednsday,8-13-2014,15,22,33
5394,Wednsday,8-13-2014,17,27,33
5398,Wednsday,8-13-2014,21,29,33
5400,Wednsday,8-13-2014,23,21,33
5546,Wednsday,8-20-2014,1,85,34
5548,Wednsday,8-20-2014,3,99,34
5550,Wednsday,8-20-2014,5,108,34
5552,Wednsday,8-20-2014,7,117,34
5554,Wednsday,8-20-2014,9,140,34
5556,Wednsday,8-20-2014,11,149,34
5558,Wednsday,8-20-2014,13,85,34
5560,Wednsday,8-20-2014,15,101,34
5562,Wednsday,8-20-2014,17,126,34
5566,Wednsday,8-20-2014,21,92,34
5568,Wednsday,8-20-2014,23,99,34
5714,Wednsday,8-27-2014,1,39,35
5716,Wednsday,8-27-2014,3,56,35
5718,Wednsday,8-27-2014,5,39,35
5720,Wednsday,8-27-2014,7,25,35
5722,Wednsday,8-27-2014,9,27,35
5724,Wednsday,8-27-2014,11,29,35
5726,Wednsday,8-27-2014,13,49,35
5728,Wednsday,8-27-2014,15,54,35
5730,Wednsday,8-27-2014,17,70,35
5732,Wednsday,8-27-2014,19,71,35
5734,Wednsday,8-27-2014,21,84,35
5736,Wednsday,8-27-2014,23,98,35
5882,Wednsday,9-3-2014,1,19,36
5884,Wednsday,9-3-2014,3,16,36
5886,Wednsday,9-3-2014,5,13,36
5888,Wednsday,9-3-2014,7,11,36
5890,Wednsday,9-3-2014,9,23,36
5892,Wednsday,9-3-2014,11,16,36
5894,Wednsday,9-3-2014,13,15,36
5896,Wednsday,9-3-2014,15,16,36
5898,Wednsday,9-3-2014,17,17,36
5900,Wednsday,9-3-2014,19,13,36
5902,Wednsday,9-3-2014,21,18,36
5904,Wednsday,9-3-2014,23,26,36
6050,Wednsday,9-10-2014,1,50,37
6052,Wednsday,9-10-2014,3,55,37
6054,Wednsday,9-10-2014,5,85,37
6056,Wednsday,9-10-2014,7,100,37
6058,Wednsday,9-10-2014,9,114,37
6060,Wednsday,9-10-2014,11,124,37
6062,Wednsday,9-10-2014,13,83,37
6064,Wednsday,9-10-2014,15,35,37
6066,Wednsday,9-10-2014,17,41,37
6068,Wednsday,9-10-2014,19,51,37
6070,Wednsday,9-10-2014,21,63,37
6072,Wednsday,9-10-2014,23,88,37
6218,Wednsday,9-17-2014,1,36,38
6220,Wednsday,9-17-2014,3,19,38
6222,Wednsday,9-17-2014,5,17,38
6224,Wednsday,9-17-2014,7,20,38
6226,Wednsday,9-17-2014,9,25,38
6228,Wednsday,9-17-2014,11,71,38
6230,Wednsday,9-17-2014,13,100,38
6232,Wednsday,9-17-2014,15,80,38
6234,Wednsday,9-17-2014,17,49,38
6236,Wednsday,9-17-2014,19,33,38
6238,Wednsday,9-17-2014,21,52,38
6240,Wednsday,9-17-2014,23,54,38
6386,Wednsday,9-24-2014,1,40,39
6388,Wednsday,9-24-2014,3,40,39
6390,Wednsday,9-24-2014,5,11,39
6392,Wednsday,9-24-2014,7,12,39
6394,Wednsday,9-24-2014,9,14,39
6396,Wednsday,9-24-2014,11,22,39
6398,Wednsday,9-24-2014,13,15,39
6400,Wednsday,9-24-2014,15,15,39
6402,Wednsday,9-24-2014,17,21,39
6404,Wednsday,9-24-2014,19,41,39
6406,Wednsday,9-24-2014,21,68,39
6408,Wednsday,9-24-2014,23,87,39
6554,Wednsday,10-1-2014,1,78,40
6556,Wednsday,10-1-2014,3,73,40
6558,Wednsday,10-1-2014,5,55,40
6560,Wednsday,10-1-2014,7,43,40
6562,Wednsday,10-1-2014,9,63,40
6564,Wednsday,10-1-2014,11,78,40
6566,Wednsday,10-1-2014,13,68,40
6568,Wednsday,10-1-2014,15,67,40
6570,Wednsday,10-1-2014,17,84,40
6572,Wednsday,10-1-2014,19,91,40
6574,Wednsday,10-1-2014,21,90,40
6576,Wednsday,10-1-2014,23,88,40
6722,Wednsday,10-8-2014,1,248,41
6724,Wednsday,10-8-2014,3,215,41
6726,Wednsday,10-8-2014,5,208,41
6728,Wednsday,10-8-2014,7,211,41
6730,Wednsday,10-8-2014,9,210,41
6732,Wednsday,10-8-2014,11,238,41
6734,Wednsday,10-8-2014,13,252,41
6736,Wednsday,10-8-2014,15,297,41
6738,Wednsday,10-8-2014,17,370,41
6740,Wednsday,10-8-2014,19,388,41
6742,Wednsday,10-8-2014,21,402,41
6744,Wednsday,10-8-2014,23,384,41
6890,Wednsday,10-15-2014,1,130,42
6892,Wednsday,10-15-2014,3,81,42
6894,Wednsday,10-15-2014,5,86,42
6896,Wednsday,10-15-2014,7,83,42
6898,Wednsday,10-15-2014,9,79,42
6900,Wednsday,10-15-2014,11,20,42
6902,Wednsday,10-15-2014,13,13,42
6904,Wednsday,10-15-2014,15,13,42
6906,Wednsday,10-15-2014,17,8,42
6908,Wednsday,10-15-2014,19,9,42
6910,Wednsday,10-15-2014,21,16,42
6912,Wednsday,10-15-2014,23,6,42
7058,Wednsday,10-22-2014,1,57,43
7060,Wednsday,10-22-2014,3,107,43
7062,Wednsday,10-22-2014,5,83,43
7064,Wednsday,10-22-2014,7,90,43
7066,Wednsday,10-22-2014,9,66,43
7068,Wednsday,10-22-2014,11,71,43
7070,Wednsday,10-22-2014,13,93,43
7072,Wednsday,10-22-2014,15,87,43
7076,Wednsday,10-22-2014,19,94,43
7078,Wednsday,10-22-2014,21,112,43
7080,Wednsday,10-22-2014,23,115,43
7226,Wednsday,10-29-2014,1,112,44
7228,Wednsday,10-29-2014,3,111,44
7230,Wednsday,10-29-2014,5,100,44
7232,Wednsday,10-29-2014,7,94,44
7234,Wednsday,10-29-2014,9,101,44
7236,Wednsday,10-29-2014,11,103,44
7238,Wednsday,10-29-2014,13,108,44
7240,Wednsday,10-29-2014,15,108,44
7242,Wednsday,10-29-2014,17,134,44
7244,Wednsday,10-29-2014,19,140,44
7246,Wednsday,10-29-2014,21,155,44
7248,Wednsday,10-29-2014,23,161,44
7394,Wednsday,11-5-2014,1,207,45
7396,Wednsday,11-5-2014,3,167,45
7398,Wednsday,11-5-2014,5,140,45
7400,Wednsday,11-5-2014,7,63,45
7402,Wednsday,11-5-2014,9,71,45
7404,Wednsday,11-5-2014,11,24,45
7406,Wednsday,11-5-2014,13,6,45
7408,Wednsday,11-5-2014,15,9,45
7410,Wednsday,11-5-2014,17,7,45
7412,Wednsday,11-5-2014,19,7,45
7414,Wednsday,11-5-2014,21,6,45
7416,Wednsday,11-5-2014,23,7,45
7562,Wednsday,11-12-2014,1,5,46
7564,Wednsday,11-12-2014,3,4,46
7566,Wednsday,11-12-2014,5,3,46
7568,Wednsday,11-12-2014,7,3,46
7570,Wednsday,11-12-2014,9,6,46
7572,Wednsday,11-12-2014,11,3,46
7574,Wednsday,11-12-2014,13,9,46
7576,Wednsday,11-12-2014,15,4,46
7578,Wednsday,11-12-2014,17,3,46
7580,Wednsday,11-12-2014,19,5,46
7582,Wednsday,11-12-2014,21,6,46
7584,Wednsday,11-12-2014,23,8,46
7730,Wednsday,11-19-2014,1,248,47
7732,Wednsday,11-19-2014,3,211,47
7734,Wednsday,11-19-2014,5,183,47
7736,Wednsday,11-19-2014,7,118,47
7738,Wednsday,11-19-2014,9,178,47
7740,Wednsday,11-19-2014,11,240,47
7742,Wednsday,11-19-2014,13,275,47
7744,Wednsday,11-19-2014,15,316,47
7746,Wednsday,11-19-2014,17,354,47
7748,Wednsday,11-19-2014,19,337,47
7750,Wednsday,11-19-2014,21,354,47
7752,Wednsday,11-19-2014,23,384,47
7898,Wednsday,11-26-2014,1,248,48
7900,Wednsday,11-26-2014,3,239,48
7902,Wednsday,11-26-2014,5,209,48
7904,Wednsday,11-26-2014,7,175,48
7906,Wednsday,11-26-2014,9,176,48
7908,Wednsday,11-26-2014,11,184,48
7910,Wednsday,11-26-2014,13,231,48
7912,Wednsday,11-26-2014,15,244,48
7914,Wednsday,11-26-2014,17,303,48
7916,Wednsday,11-26-2014,19,323,48
7918,Wednsday,11-26-2014,21,347,48
7920,Wednsday,11-26-2014,23,390,48
8066,Wednsday,12-3-2014,1,131,49
8068,Wednsday,12-3-2014,3,31,49
8070,Wednsday,12-3-2014,5,14,49
8072,Wednsday,12-3-2014,7,5,49
8074,Wednsday,12-3-2014,9,11,49
8076,Wednsday,12-3-2014,11,8,49
8078,Wednsday,12-3-2014,13,5,49
8080,Wednsday,12-3-2014,15,7,49
8082,Wednsday,12-3-2014,17,10,49
8084,Wednsday,12-3-2014,19,9,49
8086,Wednsday,12-3-2014,21,4,49
8088,Wednsday,12-3-2014,23,6,49
8234,Wednsday,12-10-2014,1,265,50
8236,Wednsday,12-10-2014,3,263,50
8238,Wednsday,12-10-2014,5,265,50
8240,Wednsday,12-10-2014,7,273,50
8242,Wednsday,12-10-2014,9,148,50
8244,Wednsday,12-10-2014,11,56,50
8246,Wednsday,12-10-2014,13,48,50
8248,Wednsday,12-10-2014,15,23,50
8250,Wednsday,12-10-2014,17,9,50
8252,Wednsday,12-10-2014,19,11,50
8254,Wednsday,12-10-2014,21,11,50
8256,Wednsday,12-10-2014,23,9,50
8402,Wednsday,12-17-2014,1,10,51
8404,Wednsday,12-17-2014,3,4,51
8406,Wednsday,12-17-2014,5,31,51
8408,Wednsday,12-17-2014,7,44,51
8410,Wednsday,12-17-2014,9,74,51
8758,Wednsday,12-31-2014,21,9,52
8760,Wednsday,12-31-2014,23,8,52
8906,Wednsday,1-7-2015,1,105,53
8908,Wednsday,1-7-2015,3,51,53
8910,Wednsday,1-7-2015,5,19,53
8912,Wednsday,1-7-2015,7,14,53
8914,Wednsday,1-7-2015,9,21,53
8916,Wednsday,1-7-2015,11,37,53
8918,Wednsday,1-7-2015,13,35,53
8920,Wednsday,1-7-2015,15,53,53
8922,Wednsday,1-7-2015,17,64,53
8924,Wednsday,1-7-2015,19,71,53
8926,Wednsday,1-7-2015,21,63,53
8928,Wednsday,1-7-2015,23,82,53
9074,Wednsday,1-14-2015,1,227,54
9076,Wednsday,1-14-2015,3,185,54
9078,Wednsday,1-14-2015,5,169,54
9080,Wednsday,1-14-2015,7,157,54
9082,Wednsday,1-14-2015,9,151,54
9084,Wednsday,1-14-2015,11,193,54
9086,Wednsday,1-14-2015,13,204,54
9088,Wednsday,1-14-2015,15,221,54
9090,Wednsday,1-14-2015,17,207,54
9092,Wednsday,1-14-2015,19,202,54
9094,Wednsday,1-14-2015,21,243,54
9096,Wednsday,1-14-2015,23,251,54
9242,Wednsday,1-21-2015,1,14,55
9244,Wednsday,1-21-2015,3,12,55
9246,Wednsday,1-21-2015,5,12,55
9248,Wednsday,1-21-2015,7,12,55
9250,Wednsday,1-21-2015,9,14,55
9252,Wednsday,1-21-2015,11,12,55
9254,Wednsday,1-21-2015,13,13,55
9256,Wednsday,1-21-2015,15,8,55
9258,Wednsday,1-21-2015,17,8,55
9260,Wednsday,1-21-2015,19,17,55
9262,Wednsday,1-21-2015,21,27,55
9264,Wednsday,1-21-2015,23,37,55
9410,Wednsday,1-28-2015,1,32,56
9412,Wednsday,1-28-2015,3,21,56
9414,Wednsday,1-28-2015,5,13,56
9416,Wednsday,1-28-2015,7,7,56
9418,Wednsday,1-28-2015,9,10,56
9420,Wednsday,1-28-2015,11,16,56
9422,Wednsday,1-28-2015,13,14,56
9424,Wednsday,1-28-2015,15,26,56
9426,Wednsday,1-28-2015,17,35,56
9428,Wednsday,1-28-2015,19,39,56
9430,Wednsday,1-28-2015,21,34,56
9432,Wednsday,1-28-2015,23,73,56
9578,Wednsday,2-4-2015,1,12,57
9580,Wednsday,2-4-2015,3,13,57
9582,Wednsday,2-4-2015,5,9,57
9584,Wednsday,2-4-2015,7,7,57
9586,Wednsday,2-4-2015,9,9,57
9588,Wednsday,2-4-2015,11,9,57
9590,Wednsday,2-4-2015,13,8,57
9592,Wednsday,2-4-2015,15,11,57
9594,Wednsday,2-4-2015,17,7,57
9596,Wednsday,2-4-2015,19,5,57
9598,Wednsday,2-4-2015,21,6,57
9600,Wednsday,2-4-2015,23,5,57
9746,Wednsday,2-11-2015,1,49,58
9748,Wednsday,2-11-2015,3,89,58
9750,Wednsday,2-11-2015,5,159,58
9752,Wednsday,2-11-2015,7,36,58
9754,Wednsday,2-11-2015,9,21,58
9756,Wednsday,2-11-2015,11,27,58
9758,Wednsday,2-11-2015,13,25,58
9760,Wednsday,2-11-2015,15,16,58
9762,Wednsday,2-11-2015,17,15,58
9766,Wednsday,2-11-2015,21,12,58
9768,Wednsday,2-11-2015,23,9,58
9914,Wednsday,2-18-2015,1,78,59
9916,Wednsday,2-18-2015,3,42,59
9918,Wednsday,2-18-2015,5,29,59
9920,Wednsday,2-18-2015,7,13,59
9922,Wednsday,2-18-2015,9,16,59
9924,Wednsday,2-18-2015,11,15,59
9926,Wednsday,2-18-2015,13,9,59
9928,Wednsday,2-18-2015,15,6,59
9930,Wednsday,2-18-2015,17,15,59
9932,Wednsday,2-18-2015,19,14,59
9934,Wednsday,2-18-2015,21,163,59
9936,Wednsday,2-18-2015,23,123,59
10082,Wednsday,2-25-2015,1,180,60
10084,Wednsday,2-25-2015,3,199,60
10086,Wednsday,2-25-2015,5,208,60
10088,Wednsday,2-25-2015,7,11,60
10090,Wednsday,2-25-2015,9,7,60
10092,Wednsday,2-25-2015,11,13,60
10094,Wednsday,2-25-2015,13,18,60
10096,Wednsday,2-25-2015,15,18,60
10098,Wednsday,2-25-2015,17,11,60
10100,Wednsday,2-25-2015,19,9,60
10102,Wednsday,2-25-2015,21,18,60
10104,Wednsday,2-25-2015,23,44,60
10250,Wednsday,3-4-2015,1,13,61
10252,Wednsday,3-4-2015,3,15,61
10254,Wednsday,3-4-2015,5,16,61
10256,Wednsday,3-4-2015,7,16,61
10258,Wednsday,3-4-2015,9,21,61
10260,Wednsday,3-4-2015,11,19,61
10262,Wednsday,3-4-2015,13,11,61
10264,Wednsday,3-4-2015,15,23,61
10266,Wednsday,3-4-2015,17,23,61
10268,Wednsday,3-4-2015,19,30,61
10270,Wednsday,3-4-2015,21,50,61
10272,Wednsday,3-4-2015,23,59,61
10418,Wednsday,3-11-2015,1,83,62
10420,Wednsday,3-11-2015,3,110,62
10422,Wednsday,3-11-2015,5,86,62
10424,Wednsday,3-11-2015,7,76,62
10426,Wednsday,3-11-2015,9,29,62
10428,Wednsday,3-11-2015,11,16,62
10430,Wednsday,3-11-2015,13,10,62
10432,Wednsday,3-11-2015,15,13,62
10434,Wednsday,3-11-2015,17,19,62
10436,Wednsday,3-11-2015,19,27,62
10438,Wednsday,3-11-2015,21,36,62
10440,Wednsday,3-11-2015,23,58,62
10586,Wednsday,3-18-2015,1,29,63
10588,Wednsday,3-18-2015,3,24,63
10590,Wednsday,3-18-2015,5,26,63
10592,Wednsday,3-18-2015,7,26,63
10594,Wednsday,3-18-2015,9,31,63
10596,Wednsday,3-18-2015,11,34,63
10598,Wednsday,3-18-2015,13,33,63
10600,Wednsday,3-18-2015,15,43,63
10602,Wednsday,3-18-2015,17,51,63
10604,Wednsday,3-18-2015,19,63,63
10606,Wednsday,3-18-2015,21,79,63
10608,Wednsday,3-18-2015,23,97,63
10754,Wednsday,3-25-2015,1,135,64
10756,Wednsday,3-25-2015,3,125,64
10758,Wednsday,3-25-2015,5,115,64
10760,Wednsday,3-25-2015,7,116,64
10762,Wednsday,3-25-2015,9,129,64
10764,Wednsday,3-25-2015,11,138,64
10766,Wednsday,3-25-2015,13,163,64
10768,Wednsday,3-25-2015,15,110,64
10770,Wednsday,3-25-2015,17,88,64
10772,Wednsday,3-25-2015,19,90,64
10774,Wednsday,3-25-2015,21,134,64
10776,Wednsday,3-25-2015,23,98,64
10922,Wednsday,4-1-2015,1,70,65
10924,Wednsday,4-1-2015,3,81,65
10926,Wednsday,4-1-2015,5,89,65
10928,Wednsday,4-1-2015,7,64,65
10930,Wednsday,4-1-2015,9,68,65
10934,Wednsday,4-1-2015,13,27,65
10936,Wednsday,4-1-2015,15,33,65
10938,Wednsday,4-1-2015,17,36,65
10940,Wednsday,4-1-2015,19,40,65
10942,Wednsday,4-1-2015,21,38,65
10944,Wednsday,4-1-2015,23,46,65
11090,Wednsday,4-8-2015,1,71,66
11092,Wednsday,4-8-2015,3,77,66
11094,Wednsday,4-8-2015,5,73,66
11096,Wednsday,4-8-2015,7,95,66
11098,Wednsday,4-8-2015,9,104,66
11100,Wednsday,4-8-2015,11,102,66
11102,Wednsday,4-8-2015,13,73,66
11104,Wednsday,4-8-2015,15,99,66
11106,Wednsday,4-8-2015,17,111,66
11108,Wednsday,4-8-2015,19,127,66
11110,Wednsday,4-8-2015,21,138,66
11112,Wednsday,4-8-2015,23,139,66
11258,Wednsday,4-15-2015,1,61,67
11260,Wednsday,4-15-2015,3,100,67
11262,Wednsday,4-15-2015,5,83,67
11264,Wednsday,4-15-2015,7,105,67
11266,Wednsday,4-15-2015,9,169,67
11268,Wednsday,4-15-2015,11,157,67
11270,Wednsday,4-15-2015,13,173,67
11274,Wednsday,4-15-2015,17,119,67
11276,Wednsday,4-15-2015,19,243,67
11278,Wednsday,4-15-2015,21,70,67
11280,Wednsday,4-15-2015,23,83,67
11426,Wednsday,4-22-2015,1,21,68
11428,Wednsday,4-22-2015,3,53,68
11430,Wednsday,4-22-2015,5,57,68
11432,Wednsday,4-22-2015,7,61,68
11434,Wednsday,4-22-2015,9,63,68
11436,Wednsday,4-22-2015,11,36,68
11438,Wednsday,4-22-2015,13,27,68
11440,Wednsday,4-22-2015,15,34,68
11442,Wednsday,4-22-2015,17,38,68
11444,Wednsday,4-22-2015,19,52,68
11446,Wednsday,4-22-2015,21,43,68
11448,Wednsday,4-22-2015,23,45,68
11594,Wednsday,4-29-2015,1,104,69
11596,Wednsday,4-29-2015,3,119,69
11598,Wednsday,4-29-2015,5,118,69
11600,Wednsday,4-29-2015,7,122,69
11602,Wednsday,4-29-2015,9,128,69
11604,Wednsday,4-29-2015,11,143,69
11606,Wednsday,4-29-2015,13,127,69
11608,Wednsday,4-29-2015,15,112,69
11610,Wednsday,4-29-2015,17,122,69
11612,Wednsday,4-29-2015,19,131,69
11614,Wednsday,4-29-2015,21,119,69
11616,Wednsday,4-29-2015,23,102,69
11762,Wednsday,5-6-2015,1,9,70
11764,Wednsday,5-6-2015,3,22,70
11766,Wednsday,5-6-2015,5,18,70
11768,Wednsday,5-6-2015,7,14,70
11770,Wednsday,5-6-2015,9,10,70
11772,Wednsday,5-6-2015,11,10,70
11774,Wednsday,5-6-2015,13,16,70
11776,Wednsday,5-6-2015,15,17,70
11778,Wednsday,5-6-2015,17,34,70
11780,Wednsday,5-6-2015,19,29,70
11782,Wednsday,5-6-2015,21,30,70
11784,Wednsday,5-6-2015,23,35,70
11930,Wednsday,5-13-2015,1,89,71
11932,Wednsday,5-13-2015,3,70,71
11934,Wednsday,5-13-2015,5,50,71
11936,Wednsday,5-13-2015,7,29,71
11938,Wednsday,5-13-2015,9,38,71
11940,Wednsday,5-13-2015,11,35,71
11942,Wednsday,5-13-2015,13,52,71
11944,Wednsday,5-13-2015,15,91,71
11946,Wednsday,5-13-2015,17,74,71
11948,Wednsday,5-13-2015,19,136,71
11950,Wednsday,5-13-2015,21,88,71
11952,Wednsday,5-13-2015,23,95,71
12098,Wednsday,5-20-2015,1,18,72
12100,Wednsday,5-20-2015,3,43,72
12102,Wednsday,5-20-2015,5,15,72
12104,Wednsday,5-20-2015,7,10,72
12106,Wednsday,5-20-2015,9,11,72
12108,Wednsday,5-20-2015,11,18,72
12110,Wednsday,5-20-2015,13,20,72
12112,Wednsday,5-20-2015,15,55,72
12114,Wednsday,5-20-2015,17,21,72
12116,Wednsday,5-20-2015,19,19,72
12118,Wednsday,5-20-2015,21,100,72
12120,Wednsday,5-20-2015,23,51,72
12266,Wednsday,5-27-2015,1,73,73
12268,Wednsday,5-27-2015,3,88,73
12270,Wednsday,5-27-2015,5,100,73
12272,Wednsday,5-27-2015,7,109,73
12274,Wednsday,5-27-2015,9,133,73
12276,Wednsday,5-27-2015,11,131,73
12278,Wednsday,5-27-2015,13,95,73
12280,Wednsday,5-27-2015,15,77,73
12282,Wednsday,5-27-2015,17,124,73
12284,Wednsday,5-27-2015,19,82,73
12286,Wednsday,5-27-2015,21,85,73
12288,Wednsday,5-27-2015,23,120,73
12434,Wednsday,6-3-2015,1,43,74
12436,Wednsday,6-3-2015,3,35,74
12438,Wednsday,6-3-2015,5,27,74
12440,Wednsday,6-3-2015,7,41,74
12442,Wednsday,6-3-2015,9,64,74
12444,Wednsday,6-3-2015,11,50,74
12446,Wednsday,6-3-2015,13,27,74
12448,Wednsday,6-3-2015,15,34,74
12450,Wednsday,6-3-2015,17,23,74
12452,Wednsday,6-3-2015,19,29,74
12454,Wednsday,6-3-2015,21,27,74
12456,Wednsday,6-3-2015,23,36,74
12602,Wednsday,6-10-2015,1,34,75
12604,Wednsday,6-10-2015,3,51,75
12606,Wednsday,6-10-2015,5,48,75
12608,Wednsday,6-10-2015,7,38,75
12610,Wednsday,6-10-2015,9,58,75
12614,Wednsday,6-10-2015,13,45,75
12616,Wednsday,6-10-2015,15,34,75
12620,Wednsday,6-10-2015,19,54,75
12622,Wednsday,6-10-2015,21,103,75
12624,Wednsday,6-10-2015,23,74,75
12770,Wednsday,6-17-2015,1,47,76
12772,Wednsday,6-17-2015,3,46,76
12774,Wednsday,6-17-2015,5,58,76
12776,Wednsday,6-17-2015,7,60,76
12778,Wednsday,6-17-2015,9,37,76
12780,Wednsday,6-17-2015,11,35,76
12782,Wednsday,6-17-2015,13,32,76
12784,Wednsday,6-17-2015,15,26,76
12786,Wednsday,6-17-2015,17,30,76
12788,Wednsday,6-17-2015,19,39,76
12790,Wednsday,6-17-2015,21,51,76
12792,Wednsday,6-17-2015,23,62,76
12938,Wednsday,6-24-2015,1,178,77
12940,Wednsday,6-24-2015,3,104,77
12942,Wednsday,6-24-2015,5,91,77
12944,Wednsday,6-24-2015,7,120,77
12946,Wednsday,6-24-2015,9,146,77
12948,Wednsday,6-24-2015,11,148,77
12952,Wednsday,6-24-2015,15,117,77
12954,Wednsday,6-24-2015,17,91,77
12956,Wednsday,6-24-2015,19,83,77
12958,Wednsday,6-24-2015,21,87,77
12960,Wednsday,6-24-2015,23,82,77
13106,Wednsday,7-1-2015,1,26,78
13108,Wednsday,7-1-2015,3,35,78
13110,Wednsday,7-1-2015,5,34,78
13112,Wednsday,7-1-2015,7,34,78
13114,Wednsday,7-1-2015,9,30,78
13116,Wednsday,7-1-2015,11,8,78
13118,Wednsday,7-1-2015,13,11,78
13120,Wednsday,7-1-2015,15,18,78
13122,Wednsday,7-1-2015,17,8,78
13124,Wednsday,7-1-2015,19,8,78
13126,Wednsday,7-1-2015,21,5,78
13128,Wednsday,7-1-2015,23,8,78
13274,Wednsday,7-8-2015,1,88,79
13276,Wednsday,7-8-2015,3,107,79
13278,Wednsday,7-8-2015,5,141,79
13280,Wednsday,7-8-2015,7,173,79
13282,Wednsday,7-8-2015,9,193,79
13284,Wednsday,7-8-2015,11,192,79
13286,Wednsday,7-8-2015,13,153,79
13288,Wednsday,7-8-2015,15,118,79
13290,Wednsday,7-8-2015,17,119,79
13292,Wednsday,7-8-2015,19,115,79
13294,Wednsday,7-8-2015,21,77,79
13296,Wednsday,7-8-2015,23,59,79
13442,Wednsday,7-15-2015,1,21,80
13444,Wednsday,7-15-2015,3,23,80
13446,Wednsday,7-15-2015,5,25,80
13448,Wednsday,7-15-2015,7,28,80
13450,Wednsday,7-15-2015,9,36,80
13452,Wednsday,7-15-2015,11,38,80
13454,Wednsday,7-15-2015,13,43,80
13456,Wednsday,7-15-2015,15,47,80
13458,Wednsday,7-15-2015,17,43,80
13460,Wednsday,7-15-2015,19,57,80
13462,Wednsday,7-15-2015,21,52,80
13464,Wednsday,7-15-2015,23,46,80
13610,Wednsday,7-22-2015,1,58,81
13612,Wednsday,7-22-2015,3,63,81
13614,Wednsday,7-22-2015,5,85,81
13616,Wednsday,7-22-2015,7,98,81
13618,Wednsday,7-22-2015,9,97,81
13620,Wednsday,7-22-2015,11,96,81
13622,Wednsday,7-22-2015,13,86,81
13624,Wednsday,7-22-2015,15,41,81
13626,Wednsday,7-22-2015,17,62,81
13628,Wednsday,7-22-2015,19,65,81
13630,Wednsday,7-22-2015,21,9,81
13632,Wednsday,7-22-2015,23,21,81
13778,Wednsday,7-29-2015,1,93,82
13780,Wednsday,7-29-2015,3,95,82
13782,Wednsday,7-29-2015,5,65,82
13784,Wednsday,7-29-2015,7,84,82
13786,Wednsday,7-29-2015,9,94,82
13788,Wednsday,7-29-2015,11,100,82
13790,Wednsday,7-29-2015,13,102,82
13792,Wednsday,7-29-2015,15,127,82
13794,Wednsday,7-29-2015,17,135,82
13796,Wednsday,7-29-2015,19,132,82
13798,Wednsday,7-29-2015,21,100,82
13800,Wednsday,7-29-2015,23,94,82
13946,Wednsday,8-5-2015,1,70,83
13948,Wednsday,8-5-2015,3,73,83
13950,Wednsday,8-5-2015,5,92,83
13952,Wednsday,8-5-2015,7,77,83
13954,Wednsday,8-5-2015,9,103,83
13962,Wednsday,8-5-2015,17,57,83
13964,Wednsday,8-5-2015,19,64,83
13966,Wednsday,8-5-2015,21,77,83
13968,Wednsday,8-5-2015,23,22,83
14114,Wednsday,8-12-2015,1,104,84
14116,Wednsday,8-12-2015,3,97,84
14118,Wednsday,8-12-2015,5,97,84
14120,Wednsday,8-12-2015,7,106,84
14122,Wednsday,8-12-2015,9,88,84
14124,Wednsday,8-12-2015,11,63,84
14126,Wednsday,8-12-2015,13,59,84
14128,Wednsday,8-12-2015,15,48,84
14130,Wednsday,8-12-2015,17,66,84
14132,Wednsday,8-12-2015,19,75,84
14134,Wednsday,8-12-2015,21,103,84
14136,Wednsday,8-12-2015,23,109,84
14282,Wednsday,8-19-2015,1,45,85
14284,Wednsday,8-19-2015,3,38,85
14286,Wednsday,8-19-2015,5,50,85
14288,Wednsday,8-19-2015,7,60,85
14290,Wednsday,8-19-2015,9,68,85
14292,Wednsday,8-19-2015,11,79,85
14294,Wednsday,8-19-2015,13,63,85
14296,Wednsday,8-19-2015,15,48,85
14298,Wednsday,8-19-2015,17,63,85
14300,Wednsday,8-19-2015,19,63,85
14302,Wednsday,8-19-2015,21,64,85
14304,Wednsday,8-19-2015,23,30,85
14450,Wednsday,8-26-2015,1,15,86
14452,Wednsday,8-26-2015,3,12,86
14454,Wednsday,8-26-2015,5,14,86
14456,Wednsday,8-26-2015,7,14,86
14458,Wednsday,8-26-2015,9,11,86
14460,Wednsday,8-26-2015,11,13,86
14462,Wednsday,8-26-2015,13,12,86
14464,Wednsday,8-26-2015,15,9,86
14466,Wednsday,8-26-2015,17,5,86
14468,Wednsday,8-26-2015,19,11,86
14470,Wednsday,8-26-2015,21,14,86
14472,Wednsday,8-26-2015,23,12,86
14618,Wednsday,9-2-2015,1,18,87
14620,Wednsday,9-2-2015,3,11,87
14622,Wednsday,9-2-2015,5,10,87
14624,Wednsday,9-2-2015,7,12,87
14626,Wednsday,9-2-2015,9,14,87
14628,Wednsday,9-2-2015,11,7,87
14630,Wednsday,9-2-2015,13,6,87
14632,Wednsday,9-2-2015,15,5,87
14634,Wednsday,9-2-2015,17,5,87
14636,Wednsday,9-2-2015,19,6,87
14638,Wednsday,9-2-2015,21,14,87
14640,Wednsday,9-2-2015,23,12,87
14786,Wednsday,9-9-2015,1,76,88
14788,Wednsday,9-9-2015,3,67,88
14790,Wednsday,9-9-2015,5,61,88
14792,Wednsday,9-9-2015,7,47,88
14794,Wednsday,9-9-2015,9,60,88
14796,Wednsday,9-9-2015,11,47,88
14798,Wednsday,9-9-2015,13,27,88
14800,Wednsday,9-9-2015,15,19,88
14802,Wednsday,9-9-2015,17,13,88
14804,Wednsday,9-9-2015,19,10,88
14806,Wednsday,9-9-2015,21,9,88
14808,Wednsday,9-9-2015,23,11,88
14954,Wednsday,9-16-2015,1,131,89
14956,Wednsday,9-16-2015,3,165,89
14958,Wednsday,9-16-2015,5,154,89
14962,Wednsday,9-16-2015,9,98,89
14964,Wednsday,9-16-2015,11,177,89
14966,Wednsday,9-16-2015,13,143,89
14968,Wednsday,9-16-2015,15,101,89
14972,Wednsday,9-16-2015,19,99,89
14974,Wednsday,9-16-2015,21,117,89
15122,Wednsday,9-23-2015,1,27,90
15124,Wednsday,9-23-2015,3,27,90
15126,Wednsday,9-23-2015,5,18,90
15128,Wednsday,9-23-2015,7,18,90
15130,Wednsday,9-23-2015,9,18,90
15132,Wednsday,9-23-2015,11,23,90
15134,Wednsday,9-23-2015,13,27,90
15136,Wednsday,9-23-2015,15,34,90
15138,Wednsday,9-23-2015,17,33,90
15140,Wednsday,9-23-2015,19,39,90
15142,Wednsday,9-23-2015,21,51,90
15144,Wednsday,9-23-2015,23,65,90
15290,Wednsday,9-30-2015,1,23,91
15292,Wednsday,9-30-2015,3,24,91
15294,Wednsday,9-30-2015,5,26,91
15296,Wednsday,9-30-2015,7,18,91
15298,Wednsday,9-30-2015,9,35,91
15300,Wednsday,9-30-2015,11,33,91
15302,Wednsday,9-30-2015,13,27,91
15304,Wednsday,9-30-2015,15,24,91
15306,Wednsday,9-30-2015,17,22,91
15308,Wednsday,9-30-2015,19,36,91
15310,Wednsday,9-30-2015,21,32,91
15312,Wednsday,9-30-2015,23,31,91
15458,Wednsday,10-7-2015,1,401,92
15460,Wednsday,10-7-2015,3,362,92
15462,Wednsday,10-7-2015,5,327,92
15464,Wednsday,10-7-2015,7,298,92
15466,Wednsday,10-7-2015,9,302,92
15468,Wednsday,10-7-2015,11,296,92
15470,Wednsday,10-7-2015,13,347,92
15472,Wednsday,10-7-2015,15,320,92
15474,Wednsday,10-7-2015,17,261,92
15476,Wednsday,10-7-2015,19,298,92
15478,Wednsday,10-7-2015,21,108,92
15480,Wednsday,10-7-2015,23,11,92
15626,Wednsday,10-14-2015,1,91,93
15628,Wednsday,10-14-2015,3,100,93
15630,Wednsday,10-14-2015,5,104,93
15632,Wednsday,10-14-2015,7,87,93
15634,Wednsday,10-14-2015,9,90,93
15636,Wednsday,10-14-2015,11,114,93
15638,Wednsday,10-14-2015,13,112,93
15640,Wednsday,10-14-2015,15,83,93
15642,Wednsday,10-14-2015,17,104,93
15644,Wednsday,10-14-2015,19,122,93
15646,Wednsday,10-14-2015,21,136,93
15648,Wednsday,10-14-2015,23,138,93
15794,Wednsday,10-21-2015,1,64,94
15796,Wednsday,10-21-2015,3,48,94
15798,Wednsday,10-21-2015,5,47,94
15800,Wednsday,10-21-2015,7,42,94
15802,Wednsday,10-21-2015,9,37,94
15804,Wednsday,10-21-2015,11,37,94
15806,Wednsday,10-21-2015,13,42,94
15808,Wednsday,10-21-2015,15,52,94
15810,Wednsday,10-21-2015,17,39,94
15812,Wednsday,10-21-2015,19,39,94
15814,Wednsday,10-21-2015,21,46,94
15816,Wednsday,10-21-2015,23,70,94
15962,Wednsday,10-28-2015,1,4,95
15964,Wednsday,10-28-2015,3,3,95
15966,Wednsday,10-28-2015,5,3,95
15968,Wednsday,10-28-2015,7,8,95
15970,Wednsday,10-28-2015,9,5,95
15972,Wednsday,10-28-2015,11,6,95
15974,Wednsday,10-28-2015,13,10,95
15976,Wednsday,10-28-2015,15,7,95
15978,Wednsday,10-28-2015,17,8,95
15980,Wednsday,10-28-2015,19,8,95
15982,Wednsday,10-28-2015,21,8,95
15984,Wednsday,10-28-2015,23,7,95
16130,Wednsday,11-4-2015,1,177,96
16132,Wednsday,11-4-2015,3,193,96
16134,Wednsday,11-4-2015,5,217,96
16136,Wednsday,11-4-2015,7,210,96
16138,Wednsday,11-4-2015,9,209,96
16140,Wednsday,11-4-2015,11,222,96
16142,Wednsday,11-4-2015,13,252,96
16144,Wednsday,11-4-2015,15,253,96
16146,Wednsday,11-4-2015,17,3,96
16148,Wednsday,11-4-2015,19,245,96
16150,Wednsday,11-4-2015,21,242,96
16152,Wednsday,11-4-2015,23,243,96
16298,Wednsday,11-11-2015,1,167,97
16300,Wednsday,11-11-2015,3,141,97
16302,Wednsday,11-11-2015,5,142,97
16304,Wednsday,11-11-2015,7,119,97
16306,Wednsday,11-11-2015,9,101,97
16308,Wednsday,11-11-2015,11,86,97
16310,Wednsday,11-11-2015,13,81,97
16312,Wednsday,11-11-2015,15,96,97
16314,Wednsday,11-11-2015,17,95,97
16316,Wednsday,11-11-2015,19,125,97
16318,Wednsday,11-11-2015,21,132,97
16320,Wednsday,11-11-2015,23,127,97
16466,Wednsday,11-18-2015,1,56,98
16468,Wednsday,11-18-2015,3,45,98
16470,Wednsday,11-18-2015,5,40,98
16472,Wednsday,11-18-2015,7,49,98
16474,Wednsday,11-18-2015,9,45,98
16476,Wednsday,11-18-2015,11,64,98
16478,Wednsday,11-18-2015,13,63,98
16480,Wednsday,11-18-2015,15,77,98
16482,Wednsday,11-18-2015,17,82,98
16484,Wednsday,11-18-2015,19,88,98
16486,Wednsday,11-18-2015,21,95,98
16488,Wednsday,11-18-2015,23,98,98
16634,Wednsday,11-25-2015,1,70,99
16636,Wednsday,11-25-2015,3,93,99
16638,Wednsday,11-25-2015,5,91,99
16640,Wednsday,11-25-2015,7,92,99
16642,Wednsday,11-25-2015,9,96,99
16644,Wednsday,11-25-2015,11,104,99
16646,Wednsday,11-25-2015,13,65,99
16648,Wednsday,11-25-2015,15,15,99
16650,Wednsday,11-25-2015,17,12,99
16652,Wednsday,11-25-2015,19,11,99
16654,Wednsday,11-25-2015,21,13,99
16656,Wednsday,11-25-2015,23,10,99
16806,Wednsday,12-2-2015,5,7,100
16808,Wednsday,12-2-2015,7,6,100
16810,Wednsday,12-2-2015,9,7,100
16812,Wednsday,12-2-2015,11,3,100
16814,Wednsday,12-2-2015,13,5,100
16816,Wednsday,12-2-2015,15,6,100
16818,Wednsday,12-2-2015,17,5,100
16820,Wednsday,12-2-2015,19,8,100
16822,Wednsday,12-2-2015,21,3,100
16824,Wednsday,12-2-2015,23,7,100
16970,Wednsday,12-9-2015,1,266,101
16972,Wednsday,12-9-2015,3,238,101
16974,Wednsday,12-9-2015,5,225,101
16976,Wednsday,12-9-2015,7,220,101
16978,Wednsday,12-9-2015,9,210,101
16980,Wednsday,12-9-2015,11,228,101
16982,Wednsday,12-9-2015,13,265,101
16984,Wednsday,12-9-2015,15,252,101
16986,Wednsday,12-9-2015,17,303,101
16988,Wednsday,12-9-2015,19,303,101
16990,Wednsday,12-9-2015,21,273,101
16992,Wednsday,12-9-2015,23,265,101
17138,Wednsday,12-16-2015,1,5,102
17140,Wednsday,12-16-2015,3,7,102
17142,Wednsday,12-16-2015,5,3,102
17144,Wednsday,12-16-2015,7,3,102
17146,Wednsday,12-16-2015,9,6,102
17148,Wednsday,12-16-2015,11,7,102
17150,Wednsday,12-16-2015,13,8,102
17152,Wednsday,12-16-2015,15,3,102
17154,Wednsday,12-16-2015,17,5,102
17156,Wednsday,12-16-2015,19,13,102
17158,Wednsday,12-16-2015,21,6,102
17160,Wednsday,12-16-2015,23,11,102
17306,Wednsday,12-23-2015,1,344,103
17308,Wednsday,12-23-2015,3,347,103
17310,Wednsday,12-23-2015,5,340,103
17312,Wednsday,12-23-2015,7,319,103
17314,Wednsday,12-23-2015,9,344,103
17316,Wednsday,12-23-2015,11,257,103
17318,Wednsday,12-23-2015,13,175,103
17320,Wednsday,12-23-2015,15,104,103
17322,Wednsday,12-23-2015,17,92,103
17326,Wednsday,12-23-2015,21,165,103
17328,Wednsday,12-23-2015,23,162,103
17474,Wednsday,12-30-2015,1,472,104
17476,Wednsday,12-30-2015,3,382,104
17478,Wednsday,12-30-2015,5,107,104
17480,Wednsday,12-30-2015,7,15,104
17482,Wednsday,12-30-2015,9,11,104
17484,Wednsday,12-30-2015,11,11,104
17486,Wednsday,12-30-2015,13,7,104
17488,Wednsday,12-30-2015,15,7,104
17490,Wednsday,12-30-2015,17,7,104
17492,Wednsday,12-30-2015,19,16,104
17494,Wednsday,12-30-2015,21,14,104
17496,Wednsday,12-30-2015,23,22,104
